"Invasive Cancer Incidence Rates in Texas"
"All Sites, 2017 - 2021"
Year,2017,2018,2019,2020,2021,2017-2021
Population at Risk,28189190,28507509,28855292,29232474,29558864,144343329
Total Cases,119805,126667,129575,121272,129515,626834,
Crude Rate,425.0,444.3,449.1,414.9,438.2,434.3,
Age-Adjusted Rate,425.6,439.5,438.7,400.7,419.5,424.5,
95% Confidence Interval Lower,423.1,437.1,436.3,398.4,417.2,423.5,
95% Confidence Interval Upper,428.1,442.0,441.1,403.0,421.8,425.6,
"Note: All rates are per 100,000.  Rates are age-adjusted to the 2000 U.S. Standard Population."
"Rates generated on Oct 11, 2024"
"Cancer Incidence File, Mar 2024"
